{
  "namesOfBDMs": [
    {
      "value": "null",
      "name": "BDM"
    },
    {
      "value": "2",
      "name": "Atwood, Jason"
    },
   
    
    {
      "value": "5",
      "name": "Canine,Derek J"
    },
   
   
    
    
    {
      "value": "7",
      "name": "Hall, Charles DUK"
    },
    {
      "value": "3",
      "name": "Hart, Kate"
    },
    {
      "value": "9",
      "name": "Hickey, Lynda J"
    },
    {
      "value": "10",
      "name": "Hill, Bradley D"
    },
    
   
   
    
    
    
    {
      "value": "11",
      "name": "McCollum, Cory"
    },
  
   
    {
      "value": "1",
      "name": "NA"
    },
    
    
    {
      "value": "8",
      "name": "Perrone, David J."
    },
   
   
    
    {
      "value": "4",
      "name": "Reddington,Neil"
    },
    
    
    
   
    {
      "value": "6",
      "name": "Tibolla, Joseph A."
    }
   
  ]
}
