{
  "clients": [
    {
      "value": null,
      "name": "Client"
    },
    
    {
      
      "value": "1",
      "name": "Lexis Nexis"
    },
    {
      "value": "2",
      "name": "Corvel"
    },
    {
      "value": "3",
      "name": "IEA"
    },
    {
      "value": "4",
      "name": "Allegis group services"
    },
    {
      "value": "5",
      "name": "TWC - Commercial"
    },
    {
      "value": "6",
      "name": "TWC - Residential"
    },
    {
      "value": "7",
      "name": "TWC - Metadata"
    },
    {
      "value": "8",
      "name": "Populus"
    },
    {
      "value": "9",
      "name": "Easi"
    },
    {
      "value": "10",
      "name": "Amphora"
    },
    {
      "value": "16",
      "name": "BMC Software Inc."
    },
   
  
  
    {
      "value": "49",
      "name": "Com-Pak"
    },
    
    {
      "value": "2",
      "name": "Corvel"
    },
    {
      "value": "20",
      "name": "CPCU The Institutes"
    },
    {
      "value": "39",
      "name": "Digital Sales"
    },
    {
      "value": "9",
      "name": "Easi"
    },
    
   
    
    {
      "value": "32",
      "name": "FCS"
    },
    {
      "value": "25",
      "name": "Fiberlink Communications Corporation"
    },
   
    {
      "value": "50",
      "name": "First Allied Securities, Inc."
    },
    {
      "value": "46",
      "name": "Garretson Resolution Group Qualty Assurance Program"
    },
    {
      "value": "53",
      "name": "GATX"
    },
    {
      "value": "22",
      "name": "Grainger"
    },
    {
      "value": "24",
      "name": "Granite School District"
    },
    {
      "value": "38",
      "name": "Halliburton Inc"
    },
    {
      "value": "3",
      "name": "IEA"
    },
    {
      "value": "27",
      "name": "IHG"
    },
    
   
   
    {
      "value": "14",
      "name": "Intercontinental Hotel Group"
    },
   
    {
      "value": "56",
      "name": "JACK HENRY & ASSOCIATES INC"
    },
    {
      "value": "34",
      "name": "JSA Healthcare Nevada L.L.C"
    },
    {
      "value": "26",
      "name": "Kohl`s"
    },
    {
      "value": "35",
      "name": "Landis+Gyr"
    },
   
    {
      "value": "1",
      "name": "Lexis Nexis"
    },
   
    {
      "value": "37",
      "name": "LifeCare, Inc"
    },
   
   
    {
      "value": "51",
      "name": "Macys.com, Inc."
    },
    {
      "value": "30",
      "name": "Marathon Petroleum Company"
    },
   
    {
      "value": "29",
      "name": "Mobile Mini"
    },
    {
      "value": "18",
      "name": "Motorola "
    },
    
   
    {
      "value": "41",
      "name": "NEWCORP"
    },
    {
      "value": "19",
      "name": "Nokia Siemens Network"
    },
    {
      "value": "43",
      "name": "NRG"
    },
    {
      "value": "47",
      "name": "Paccar Inc"
    },
  
    {
      "value": "8",
      "name": "Populus"
    },
   
    {
      "value": "31",
      "name": "PSS World Medical, Inc."
    },
    {
      "value": "13",
      "name": "Red Gear"
    },
    {
      "value": "42",
      "name": "Regulatory and Safety Consultants, LLC"
    },
    {
      "value": "52",
      "name": "Royal"
    },
    {
      "value": "45",
      "name": "Royal Caribbean"
    },
    
    {
      "value": "11",
      "name": "Seven corners"
    },
    {
      "value": "15",
      "name": "Seven Corners, Inc."
    },
   
   
  
   
    
  
    {
      "value": "28",
      "name": "TEK"
    },
    {
      "value": "21",
      "name": "TEKsystems"
    },
   
    
    
    {
      "value": "40",
      "name": "TWC Channel YOU"
    },
   
    {
      "value": "44",
      "name": "Watsco"
    },
    {
      "value": "48",
      "name": "WellDyne"
    },
   
    {
      "value": "17",
      "name": "Yale University"
    }
  ]
}
