{
  "employeeTitles": [
    {
      "value": null,
      "name": "EmployeeTitles"
    },
    {
      "value": "17",
      "name": "Architect"
    },{
      "value": "1",
      "name": "Associate Developer "
    },{
      "value": "26",
      "name": "Associate Executive - Global Sales"
    },{
      "value": "39",
      "name": "Associate Manager-Global Sales"
    },{
      "value": "41",
      "name": "Associate Project Manager"
    },{
      "value": "8",
      "name": "Associate Test Engineer  "
    },{
      "value": "4",
      "name": "Business Analyst "
    },{
      "value": "43",
      "name": "Consultant "
    },{
      "value": "18",
      "name": "Delivery Manager  "
    },{
      "value": "24",
      "name": "Director  "
    },{
      "value": "44",
      "name": "Engineer  "
    },{
      "value": "28",
      "name": "Executive Global Sales "
    },{
      "value": "38",
      "name": "Executive Recruiter "
    },{
      "value": "22",
      "name": "Global Delivery Manager  "
    },{
      "value": "29",
      "name": "HR Associate  "
    },{
      "value": "25",
      "name": "Human Resource   "
    },{
      "value": "45",
      "name": "Jr. Engineer  "
    },{
      "value": "46",
      "name": " Jr. Engineer2  "
    },{
      "value": "30",
      "name": "Lead Recruiter "
    },{
      "value": "31",
      "name": "Manager- Global Sales"
    },{
      "value": "5",
      "name": "Module Lead"
    },{
      "value": "7",
      "name": "Project Lead "
    },{
      "value": "14",
      "name": "Project Manager  "
    },{
      "value": "32",
      "name": "Recruiter  "
    },{
      "value": "23",
      "name": "Service Delivery Manager  "
    },{
      "value": "20",
      "name": "Solutions Architect "
    },{
      "value": "33",
      "name": "Sr Design Engineer "
    },{
      "value": "42",
      "name": "Sr Engineer "
    },{
      "value": "34",
      "name": "Sr Manager Human Resources"
    },{
      "value": "35",
      "name": "Sr Manager Recruitment "
    },{
      "value": "33",
      "name": "Sr Design Engineer "
    },{
      "value": "19",
      "name": "Sr. Architect "
    },{
      "value": "3",
      "name": "Sr. Developer  "
    },{
      "value": "13",
      "name": "Sr. Test Analyst "
    },{
      "value": "10",
      "name": "Sr. Test Engineer"
    },{
      "value": "21",
      "name": "Sr.Project Manager "
    },{
      "value": "47",
      "name": "System Engineer "
    },{
      "value": "6",
      "name": "Technical Lead  "
    },{
      "value": "15",
      "name": "Technical Manager "
    },{
      "value": "11",
      "name": "Test Analyst "
    },{
      "value": "36",
      "name": "Test Architect  "
    },{
      "value": "9",
      "name": "Test Engineer"
    },{
      "value": "12",
      "name": "Test Lead  "
    },{
      "value": "16",
      "name": "Test Manager "
    },{
      "value": "37",
      "name": "Trainee Engineer  "
    },{
      "value": "40",
      "name": "UI Developer "
    }
  ]
}
