{
  "employeeReportingTos": [
    {
      "value": null,
      "name": "EmployeeReportingTo"
    },
    {
      "value": "04036931",
      "name": "Ganesh"
    },{
      "value": "04135878",
      "name": "Praveenkumar"
    },{
      "value": "04210633",
      "name": "Vishal"
    },{
      "value": "04329805",
      "name": "Vaiyapuri "
    },{
      "value": "04357726",
      "name": "Raviraja "
    },{
      "value": "04361943",
      "name": "Lokesh"
    },{
      "value": "04364395",
      "name": "Amit"
    },{
      "value": "04447073",
      "name": "Deepak"
    },{
      "value": "04475895",
      "name": "Raghavendra Paripati"
    },{
      "value": "04527572",
      "name": "Sandesh"
    },{
      "value": "04531013",
      "name": "Sandesh"
    },{
      "value": "04527572",
      "name": "Dayananda"
    },{
      "value": "04565690",
      "name": "Balashanmugam"
    },{
      "value": "04643447",
      "name": "Nagaraja"
    },{
      "value": "04924662",
      "name": "Srinivas Bhojaraj Anandapuram"
    },{
      "value": "04935275",
      "name": "Alfred"
    },{
      "value": "9999999",
      "name": "SuperAdmin"
    }
  ]
}
