{
  "employeeProjectNames": [
    {
      "value": null,
      "name": "Project Name"
    },
    {
      "value": "0000519095",
      "name": "ACT"
    },{
      "value": "0000522922",
      "name": "Activision Publishing Inc"
    },{
      "value": "0000520439",
      "name": "Aerotek Jobs iOS App Development"
    },{
      "value": "0000516972",
      "name": "AG.OFFSHRDELV.DV.052410 "
    },{
      "value": "0000525592",
      "name": "Allegis Informatica(ETL) Development "
    },{
      "value": "0000524418",
      "name": "Allegis TnE UK"
    },{
      "value": "0000521602",
      "name": "ALLY"
    },{
      "value": "0000517636",
      "name": "ALLY.MKTGECOM.APPMS.082510"
    },{
      "value": "0000519083",
      "name": "Amphora"
    },{
      "value": "0000520945",
      "name": "Apple - Siri Support"
    },{
      "value": "0000521121",
      "name": "APPS Mobile Mini OSG"
    },{
      "value": "0000519550",
      "name": "ATS"
    }
  ]
}
