{
  "employeeCenterOfExcellences": [
    {
      "value": null,
      "name": "Center Of Excellence"
    },
    {
      "value": "10",
      "name": "AMO"
    },{
      "value": "3",
      "name": "Data Services"
    },{
      "value": "9",
      "name": "Global Sales"
    },{
      "value": "7",
      "name": "HR "
    },{
      "value": "11",
      "name": "Infrastructure Management "
    },{
      "value": "2",
      "name": "Java"
    },{
      "value": "8",
      "name": "Management"
    },{
      "value": "1",
      "name": "Microsoft"
    },{
      "value": "5",
      "name": "PMO"
    },{
      "value": "4",
      "name": "Quality Assurance"
    },{
      "value": "6",
      "name": "Recruitment"
    }
  ]
}
