{
    "expense": [
        {
            "value": "6",
            "name": "Certification"
        },
        {
            "value": "8",
            "name": "Consultant"
        },
        {
            "value": "1",
            "name": "Hardware"
        },
        {
            "value": "7",
            "name": "Recognition"
        },
        {
            "value": "2",
            "name": "Software"
        },
        {
            "value": "5",
            "name": "Team building"
        },
        {
            "value": "3",
            "name": "Training"
        },
        {
            "value": "4",
            "name": "Travel expenses"
        }
    ]
}

