{
    "month": [
        {
            "value": "1",
            "name": "Jan"
        },
        {
            "value": "2",
            "name": "Feb"
        },
        {
            "value": "3",
            "name": "Mar"
        },
        {
            "value": "4",
            "name": "Apr"
        },
        {
            "value": "5",
            "name": "May"
        },
        {
            "value": "6",
            "name": "Jun"
        },
        {
            "value": "7",
            "name": "Jul"
        },
        {
            "value": "8",
            "name": "Aug"
        },
        {
            "value": "9",
            "name": "Sep"
        },
        {
            "value": "10",
            "name": "Oct"
        },
        {
            "value": "11",
            "name": "Nov"
        },
        {
            "value": "12",
            "name": "Dec"
        }
    ]
}