{
    "practicePortlet": [
      {
        "value": "1",
        "name": "AMO"
      },
      {
        "value": "2",
        "name": "Application Development"
      },
      {
        "value": "3",
        "name": "Data Services"
      },
      {
        "value": "4",
        "name": "Quality Assurance"
      },
      {
        "value": "5",
        "name": "PMO"
      },
      {
        "value": "6",
        "name": "Center Updates"
      },
      {
        "value": "7",
        "name": "Global Sales"
      }
    ]
  }
  