{
  "reportings": [
    { "name" : "Ganesh", "value":"04036931"},
    { "name" : "Praveenkumar", "value":"04135878"},
    { "name" : "Vishal", "value":"04210633"},
    { "name" : "Vaiyapuri", "value":"04329805"},
    { "name" : "Raviraja", "value":"04357726"},
    { "name" : "Lokesh", "value":"04361943"},
    { "name" : "Amit", "value":"04364395"},
    { "name" : "Deepak", "value":"04447073"},
    { "name" : "Raghavendra Paripati", "value":"04475895"},
    { "name" : "Sandesh", "value":"04527572"},
    { "name" : "Dayananda", "value":"04531013"},
    { "name" : "Balashanmugam", "value":"04565690"},
    { "name" : "Nagaraja", "value":"04643447"},
    { "name" : "Srinivas Bhojaraj Anandapuram", "value":"04924662"},
    { "name" : "Alfred", "value":"04935275"},
    { "name" : "SuperAdmin ", "value":"9999999"}
  ]
}
