{
  "solutionExecutives": [

     {
      "value": null,
      "name": "Solution Executive"
    },
    {
      "value": "1",
      "name": "Beach, Scott"
    },
    {
      "value": "13",
      "name": "Clark,Sean"
    },
    {
      "value": "2",
      "name": "Geiger, Jay"
    },
    {
      "value": "12",
      "name": "German,Edgar H"
    },
    {
      "value": "10",
      "name": "German,Trey"
    },
    {
      "value": "3",
      "name": "Horne, Jeremi"
    },
    {
      "value": "4",
      "name": "Kipp, Justin"
    },
    {
      "value": "11",
      "name": "NA"
    },
    {
      "value": "5",
      "name": "Seale, Kelly"
    },
    {
      "value": "6",
      "name": "Thomas, Benjamin"
    },
    {
      "value": "7",
      "name": "Thum, Peter"
    },
    {
      "value": "9",
      "name": "Walko, John"
    }
  ]
}
