{
  "titles": [
    { "name" : "Architect", "value":"17"},
    { "name" : "Associate Developer ", "value":"1"},
    { "name" : "Associate Executive - Global Sales ", "value":"26"},
    { "name" : "Associate Manager-Global Sales ", "value":"39"},
    { "name" : "Associate Project Manager ", "value":"41"},
    { "name" : "Associate Test Engineer ", "value":"8"},
    { "name" : "Business Analyst ", "value":"4"},
    { "name" : "Consultant ", "value":"43"},
    { "name" : "Delivery Manager ", "value":"18"},
    { "name" : "Developer ", "value":"2"},
    { "name" : "Director ", "value":"24"},
    { "name" : "Engineer ", "value":"44"},
    { "name" : "Executive Global Sales ", "value":"28"},
    { "name" : "Executive Recruiter ", "value":"38"},
    { "name" : "Global Delivery Manager ", "value":"22"},
    { "name" : "HR Associate ", "value":"29"},
    { "name" : "Human Resource ", "value":"25"},
    { "name" : "Jr. Engineer ", "value":"45"},
    { "name" : "Jr. Engineer2 ", "value":"46"},
    { "name" : "Lead Recruiter ", "value":"30"},
    { "name" : "Manager- Global Sales" , "value":"31"},
    { "name" : "Module Lead" , "value":"5"},
    { "name" : "Project Lead" , "value":"7"},
    { "name" : "Project Manager" , "value":"14"},
    { "name" : "Recruiter" , "value":"32"},
    { "name" : "Service Delivery Manager" , "value":"23"},
    { "name" : "Solutions Architect" , "value":"20"},
    { "name" : "Sr Design Engineer" , "value":"33"},
    { "name" : "Sr Engineer" , "value":"42"},
    { "name" : "Sr Manager Human Resources" , "value":"34"},
    { "name" : "Sr Manager Recruitment" , "value":"35"},
    { "name" : "Sr. Architect" , "value":"19"},
    { "name" : "Sr. Developer" , "value":"3"},
    { "name" : "Sr. Test Analyst" , "value":"13"},
    { "name" : "Sr. Test Engineer" , "value":"10"},
    { "name" : "Sr.Project Manager" , "value":"21"},
    { "name" : "System Engineer" , "value":"47"},
    { "name" : "Technical Lead" , "value":"6"},
    { "name" : "Technical Manager" , "value":"15"},
    { "name" : "Test Analyst" , "value":"11"},
    { "name" : "Test Architect" , "value":"36"},
    { "name" : "Test Engineer" , "value":"9"},
    { "name" : "Test Lead" , "value":"12"},
    { "name" : "Test Manager" , "value":"16"},
    { "name" : "Trainee Engineer" , "value":"37"},
    { "name" : "UI Developer" , "value":"40"}

  ]
}
